notice_id	publication_id	field	units	currency	X	Y	Y/X	tight
2666098	203762-2005	TED-VAL_TOTAL	100000400000	EUR	100000	400000	4.00	yes
2687123	224788-2005	TED-VAL_TOTAL	247110402110	EUR	247110	402110	1.63	no
2710954	248620-2005	TED-VAL_TOTAL	50000200000	EUR	50000	200000	4.00	yes
2721148	9377-2006	TED-VAL_TOTAL	62709250836	EUR	62709	250836	4.00	yes
2724903	13132-2006	TED-VAL_TOTAL	30000120000	EUR	30000	120000	4.00	yes
2726983	15212-2006	TED-VAL_TOTAL	125000500000	EUR	125000	500000	4.00	yes
2801293	89522-2006	TED-VAL_TOTAL	25000100000	EUR	25000	100000	4.00	yes
2802216	90445-2006	TED-VAL_TOTAL	80000200000	EUR	80000	200000	2.50	yes
2803397	91626-2006	TED-VAL_TOTAL	120000250000	EUR	120000	250000	2.08	yes
2805775	94004-2006	TED-VAL_TOTAL	30000120000	EUR	30000	120000	4.00	yes
2806122	94351-2006	TED-VAL_TOTAL	50000150000	EUR	50000	150000	3.00	yes
2810901	99130-2006	TED-VAL_TOTAL	50000110000	EUR	50000	110000	2.20	yes
2814068	102297-2006	TED-VAL_TOTAL	42000150000	EUR	42000	150000	3.57	yes
2814071	102300-2006	TED-VAL_TOTAL	140000560000	EUR	140000	560000	4.00	yes
2827843	116072-2006	TED-VAL_TOTAL	46250185000	EUR	46250	185000	4.00	yes
2840310	128539-2006	TED-VAL_TOTAL	87250349000	EUR	87250	349000	4.00	yes
2845932	134161-2006	TED-VAL_TOTAL	40000120000	EUR	40000	120000	3.00	yes
2846836	135065-2006	TED-VAL_TOTAL	35000140000	EUR	35000	140000	4.00	yes
2865103	153332-2006	TED-VAL_TOTAL	150000500000	EUR	150000	500000	3.33	yes
2935748	223977-2006	TED-VAL_TOTAL	150000600000	EUR	150000	600000	4.00	yes
3006685	26854-2007	TED-VAL_TOTAL	40000120000	EUR	40000	120000	3.00	yes
3093522	113691-2007	TED-VAL_TOTAL	80000300000	EUR	80000	300000	3.75	yes
3093664	113833-2007	TED-VAL_TOTAL	50000100000	EUR	50000	100000	2.00	yes
3184251	204420-2007	TED-VAL_TOTAL	25000100000	EUR	25000	100000	4.00	yes
3238462	258631-2007	TED-VAL_TOTAL	60000240000	EUR	60000	240000	4.00	yes
3272936	293107-2007	TED-VAL_TOTAL	266854708381	HUF	266854	708381	2.65	no
3272955	293126-2007	TED-VAL_TOTAL	266854708381	HUF	266854	708381	2.65	no
3442687	182592-2008	TED-VAL_TOTAL	119564161135	HUF	119564	161135	1.35	no
3459985	199890-2008	TED-VAL_TOTAL	60000220000	EUR	60000	220000	3.67	yes
—	43224-1997	(window 1000000)	76995264650	ITL	76995	264650	3.44	no
—	69471-1997	(window 1000000)	90202168686	ITL	90202	168686	1.87	no
