6681865	result_value	EUR	9700000000	9700000	amt
634129	framework_maximum	EUR	9700000000	9700000	amt
7535409	result_value	EUR	9200000000	9200000	amt
100246	estimated_value	EUR	7849600000	7849600	amt
748911	result_value	EUR	6713000000	6713000	award
8424503	estimated_value	GBP	5800000000	5800000	amt
955492	estimated_value	EUR	6376000000	6376000	amt
820284	estimated_value	EUR	6174200000	6174200	amt
180688	framework_maximum	DKK	44000000000	44000000	amt
1165599	estimated_value	EUR	5600000000	5600000	amt
723781	estimated_value	EUR	5600000000	5600000	amt
6702424	estimated_value	NOK	60000000000	60000000	amt
514188	estimated_value	EUR	5200000000	520000	amt
8287294	estimated_value	GBP	4000000000	4000000	amt
361224	estimated_value	EUR	1184080800	1184080.8	amt
4816109	estimated_value	GBP	1000000000	1000000	amt
1022924	estimated_value	EUR	1116000000	1116000	amt
117783	result_value	PLN	4747800000	4747800	award
703247	estimated_value	EUR	1081992380	1081992.38	amt
8021864	result_value	PLN	4543620000	4543620	award
8316053	result_value	EUR	1050000000	1050000	amt
91106	result_value	EUR	1013000000	1013000	amt
169383	estimated_value	EUR	1000000000	1000000	amt
591121	estimated_value	EUR	1454118600	1454118.6	amt
355258	estimated_value	EUR	1450000000	1450000	amt
263034	estimated_value	EUR	1410200000	1410200	amt
6082649	result_value	EUR	1350000000	1350000	amt
196783	estimated_value	EUR	1347024190	1347024.19	amt
182086	estimated_value	EUR	1300000000	1300000	amt
7938187	estimated_value	EUR	1290322580	1290322.58	amt
7547059	estimated_value	PLN	5603109480	5603109.48	amt
7542286	estimated_value	EUR	1985000000	1985000	amt
7200537	result_value	EUR	1950000000	1950000	amt
915781	estimated_value	PLN	7963280000	7963280	award
5807966	result_value	EUR	1845314000	1845314	amt
886867	result_value	EUR	1800000000	1800000	amt
5070016	result_value	GBP	1500000000	1500000	award
523863	framework_maximum	RON	8812800000	8812800	amt
1032085	estimated_value	EUR	1625000000	1625000	amt
8821187	estimated_value	RON	8340000000	8340000	amt
998434	estimated_value	EUR	1542000000	1542000	amt
81196	estimated_value	EUR	1500000000	1500000	amt
7867216	estimated_value	EUR	2992800000	2992800	amt
4393056	result_value	EUR	2960310500	2960310.5	award
873826	result_value	EUR	2860863100	2860863.1	amt
5718042	result_value	EUR	2853200000	2853200	amt
5763279	result_value	CZK	71740000000	71740000	amt
292308	framework_maximum	DKK	20000000000	20000000	amt
8451272	result_value	SEK	28000000000	28000000	amt
752245	estimated_value	EUR	2460000000	2460000	amt
459089	estimated_value	EUR	2436500000	2436500	amt
334570	estimated_value	PLN	10500000000	10500000	amt
4919432	result_value	EUR	2400000000	2400000	amt
6078483	result_value	GBP	2000000000	2000000	amt
5759550	result_value	GBP	2000000000	2000000	amt
7577665	estimated_value	EUR	2000000000	2000000	amt
7199083	estimated_value	EUR	4800000000	4800000	amt
6120784	estimated_value	SEK	42000000000	42000000	amt
7446274	estimated_value	EUR	4000000000	4000000	amt
6258024	result_value	EUR	3798430000	3798430	amt
8504410	result_value	EUR	3400000000	3400000	amt
7524930	result_value	EUR	3400000000	3400000	amt
959986	result_value	EUR	3219000000	3219000	amt
8382559	estimated_value	EUR	3183383000	3183383	amt
120715	estimated_value	SEK	35000000000	35000000	amt
