# INTERNAL_OJS vocabulary — 6 May-2008 packages (2008085-2008105), issue 41 sweep
# element<TAB>count<TAB>packages_seen(of 6)<TAB>attrs
#PACKAGES 6
#HEADINGS 2110:961 2210:912 2280:910 2180:846 8098:642 1110:388 1180:380 2580:256 2220:249 2540:159 2510:138 2100:123 2240:109 2120:101 1120:68 1100:64 2200:57 0708:51 22D0:34 25F0:32 C398:31 3210:28 25C0:26 2140:25 22E0:21 2230:20 2520:19 3380:19 3310:18 1160:16 2130:15 1140:15 3280:13 22M0:12 PARL:12 3340:11 3110:10 0788:8 2250:8 9008:7 5008:6 21Y0:6 11M0:6 C298:6 0808:6 3180:6 3540:5 4280:4 3220:4 1130:4 21M0:3 CONS:3 4310:3 4008:3 3140:3 2150:2 4380:2 3580:2 25E0:2 3320:2 22Y0:1 3510:1 3350:1 3300:1 3200:1 4180:1 4320:1 25B0:1 1150:1 4520:1 33M0:1 33D0:1 3120:1 21B0:1 02A0:1
ACCEPTED_VARIANTS	349	6	VALUE
ACTIVITIES_OF_CONTRACTING_ENTITY	78	6	VALUE
ADDITIONAL_INFORMATION	660	6	
ADDITIONAL_INFORMATION_ABOUT_LOTS	142	6	
ADDRESS	17299	6	
ADDRESS_NOT_MANDATORY	1	1	
ADDRESS_NOT_STRUCT	774	6	
ADMINISTRATIVE_INFORMATION_CONCESSION_SUM	16	6	
ADMINISTRATIVE_INFORMATION_CONTRACT_AWARD	287	6	
ADMINISTRATIVE_INFORMATION_CONTRACT_NOTICE	469	6	
ADMINISTRATIVE_INFORMATION_CONTRACT_NOTICE_SUM	2519	6	
ADMINISTRATIVE_INFORMATION_CONTRACT_UTILITIES	43	6	
ADMINISTRATIVE_INFORMATION_CONTRACT_UTILITIES_SUM	280	6	
ADMINISTRATIVE_INFORMATION_DEF	4	4	
ADMINISTRATIVE_INFORMATION_DEF_SUM	16	4	
ADMINISTRATIVE_INFORMATION_DESIGN_CONTEST_NOTICE	4	3	
ADMINISTRATIVE_INFORMATION_DESIGN_CONTEST_NOTICE_SUM	31	6	
ADMINISTRATIVE_INFORMATION_QUALIFICATION_SYSTEM	3	2	
ADMINISTRATIVE_INFORMATION_QUALIFICATION_SYSTEM_SUM	23	5	
ADMINISTRATIVE_INFORMATION_SIMPLIFIED_CONTRACT	1	1	
ADMINISTRATIVE_INFORMATION_SIMPLIFIED_CONTRACT_SUM	1	1	
ADMINISTRATIVE_INFO_CONTRACT_AWARD_UTILITIES	24	5	
AGREEMENT_PUBLICATION	76	6	
AI_COMPLEMENTARY_INFORMATION_PERIODIC_INDICATIVE	4	4	
AI_LEFTI_PERIODIC_INDICATIVE	4	4	
AI_OBJECT_CONTRACT_PERIODIC_INDICATIVE	4	4	
AI_OBJECT_DESCRIPTION_PERIODIC_INDICATIVE	4	4	
AI_OBJECT_NATURE_PERIODIC_INDICATIVE	4	4	
AI_PROCEDURE_PERIODIC_INDICATIVE	4	4	
AI_PROCEDURE_PERIODIC_INDICATIVE_SUM	16	4	
ANNEX_B_INFORMATION_LOTS_PERIODIC_INDICATIVE	3	2	
ANNEX_D	2	2	
ANNEX_I	4	4	
ANNEX_I_SUM	16	4	
APPEAL_PROCEDURES	14	4	
APPEAL_PROCEDURE_BODY_RESPONSIBLE	246	6	
ATTENTION	11587	6	
AUTHORITY_CONCESSION_SUM	16	6	
AUTHORITY_ENTITY_DESIGN_CONTEST	4	3	
AUTHORITY_ENTITY_DESIGN_CONTEST_SUM	31	6	
AUTHORITY_ENTITY_NOTICE_BUYER_PROFILE_SUM	2	2	
AUTHORITY_ENTITY_SIMPLIFIED_CONTRACT_NOTICE	1	1	
AUTHORITY_ENTITY_SIMPLIFIED_CONTRACT_NOTICE_SUM	1	1	
AUTHORITY_PERIODIC_INDICATIVE	5	4	
AUTHORITY_PERIODIC_INDICATIVE_SUM	27	6	
AUTHORITY_PRIOR_INFORMATION	29	6	
AUTHORITY_PRIOR_INFORMATION_SUM	217	6	
AWARD_AND_CONTRACT_VALUE	29	5	ITEM
AWARD_AND_CONTRACT_VALUE_SUM	392	6	ITEM
AWARD_CONTRACT_CONTRACT_AWARD_UTILITIES	24	5	
AWARD_CONTRACT_CONTRACT_AWARD_UTILITIES_SUM	234	6	
AWARD_CRIT	6907	6	
AWARD_CRITERIA_CONTRACT_AWARD_NOTICE_INFORMATION	279	6	
AWARD_CRITERIA_CONTRACT_NOTICE_INFORMATION	468	6	
AWARD_CRITERIA_DETAIL	526	6	
AWARD_CRITERIA_DETAIL_F03	274	6	
AWARD_CRITERIA_PERIODIC_INDICATIVE	4	4	
AWARD_CRITERIA_QUALIFICATION_SYSTEM	17	6	
AWARD_OF_CONTRACT	757	6	ITEM
AWARD_OF_CONTRACT_SUM	5384	6	ITEM
AWARD_PRIZES_SUM	53	6	
BIB_DOC_S	6907	6	
BIB_INFO	6907	6	
BLK_BTX	6898	6	
BLK_BTX_SEQ	575	6	
BODY_RESPONSIBLE_APPEAL	3	3	
BODY_RESPONSIBLE_MEDIATION	3	3	
BUYER_PROFILE_SUM	2	2	CATEGORY FORM LG VERSION
CA_CE_CONCESSIONAIRE_PROFILE	6132	6	
CHOICES_NEGOTIATED_PROCEDURE_WITHOUT_COMPETITION	2	2	
CNT_NOTICE_INFORMATION	203	6	
CNT_NOTICE_INFORMATION_S	202	6	CHOICE
COLL_OJ	6907	6	
COMPLEMENTARY_INFORMATION_CONTRACT_AWARD	291	6	
COMPLEMENTARY_INFORMATION_CONTRACT_AWARD_UTILITIES	24	5	
COMPLEMENTARY_INFORMATION_CONTRACT_NOTICE	469	6	
COMPLEMENTARY_INFORMATION_CONTRACT_UTILITIES	43	6	
COMPLEMENTARY_INFORMATION_DESIGN_CONTEST	4	3	
COMPLEMENTARY_INFORMATION_PERIODIC_INDICATIVE	5	4	
COMPLEMENTARY_INFORMATION_QUALIFICATION_SYSTEM	3	2	
COMPLEMENTARY_INFORMATION_SIMPLIFIED_CONTRACT	1	1	
CONCESSION_SUM	16	6	CATEGORY FORM LG VERSION
CONDITIONS_CONTRACT	4	4	
CONDITIONS_ECONOMIC_OPERATORS	3	2	
CONDITIONS_FOR_MORE_INFORMATION	34	6	
CONDITIONS_FOR_MORE_INFORMATION_SUM	229	6	
CONDITIONS_FOR_OPENING_TENDERS	213	6	
CONDITIONS_OBTAINING_SPECIFICATIONS	449	6	
CONDITIONS_OBTAINING_SPECIFICATIONS_SUM	2780	6	
CONDITIONS_PARTICIPATION	4	4	
CONTACTING_AUTHORITY_INFO	43	6	
CONTACTING_AUTHORITY_INFORMATION	291	6	
CONTACTING_AUTHORITY_INFORMATION_SUM	1890	6	
CONTACTING_AUTHORITY_INFO_SUM	280	6	
CONTACT_DATA	3455	6	
CONTACT_DATA_WITHOUT_RESPONSIBLE_NAME	6670	6	
CONTACT_DATA_WITHOUT_RESPONSIBLE_NAME_CHP	421	6	
CONTACT_POINT	6921	6	
CONTENTS	774	6	
CONTEST_NUMBER	28	5	
CONTEST_TYPE	4	3	
CONTRACT	469	6	CATEGORY FORM LG VERSION
CONTRACTING_AUTHORITY_INFORMATION	469	6	
CONTRACTING_AUTHORITY_INFORMATION_SUM	2519	6	
CONTRACTING_ENTITY_CONTRACT_AWARD_UTILITIES	24	5	
CONTRACTING_ENTITY_CONTRACT_AWARD_UTILITIES_SUM	234	6	
CONTRACTING_ENTITY_QUALIFICATION_SYSTEM	3	2	
CONTRACTING_ENTITY_QUALIFICATION_SYSTEM_SUM	23	5	
CONTRACTING_ENTITY_RESULT_DESIGN_CONTEST_SUM	23	6	
CONTRACT_AWARD	291	6	CATEGORY FORM LG VERSION
CONTRACT_AWARD_DATE	735	6	
CONTRACT_AWARD_SUM	1890	6	CATEGORY FORM LG VERSION
CONTRACT_AWARD_UTILITIES	24	5	CATEGORY FORM LG VERSION
CONTRACT_AWARD_UTILITIES_SUM	234	6	CATEGORY FORM LG VERSION
CONTRACT_COVERED_GPA	759	6	VALUE
CONTRACT_LIKELY_SUB_CONTRACTED	5	3	
CONTRACT_LOCATION_TYPE	3	2	
CONTRACT_NO	325	6	
CONTRACT_NUMBER	5259	6	
CONTRACT_OBJECT_DESCRIPTION	43	6	
CONTRACT_OBJECT_DESCRIPTION_SUM	280	6	
CONTRACT_RELATING_CONDITIONS	475	6	
CONTRACT_SUM	2519	6	CATEGORY FORM LG VERSION
CONTRACT_TITLE	566	6	
CONTRACT_UTILITIES	43	6	CATEGORY FORM LG VERSION
CONTRACT_UTILITIES_SUM	280	6	CATEGORY FORM LG VERSION
CONTRACT_VALUE_INFORMATION	4722	6	
CORREC	608	6	
COSTS_RANGE_AND_CURRENCY	339	6	CURRENCY
COSTS_RANGE_AND_CURRENCY_WITH_VAT_RATE	5875	6	CURRENCY
COUNTRY	17097	6	VALUE
CPV	7218	6	
CPV_ADDITIONAL	8178	6	
CPV_CODE	15396	6	CODE
CPV_MAIN	7218	6	
CPV_SUPPLEMENTARY_CODE	68	5	CODE
CRITERIA	1206	6	
CRITERIA_DEFINITION	1232	6	
CRITERIA_EVALUATION_PROJECTS	4	3	
CRITERIA_SELECTION_PARTICIPANTS	4	3	
CRITERIA_STATED_BELOW	70	6	
CRITERIA_STATED_IN_OTHER_DOCUMENT	425	6	
DATE_DISP	6907	6	
DATE_LIMIT_RECEIPT_APPLICATION	1	1	
DATE_LIMIT_RECEIPT_INTEREST	5	4	
DATE_OF_CONTRACT_AWARD	25	5	
DATE_OJ	287	6	
DATE_PUB	6907	6	
DATE_PUBLICATION	1	1	
DATE_REC	6907	6	
DATE_REGISTRATION	1	1	
DATE_TIME	116	6	
DAY	7969	6	
DAYS	4	3	
DEADLINE_REC	4092	6	
DEADLINE_REQ	2294	6	
DECISION_BINDING_CONTRACTING	4	3	
DEL	224	6	
DELETION_DATE	6907	6	
DEPOSITS_GUARANTEES	2	2	
DEPOSITS_GUARANTEES_REQUIRED	231	6	
DESCRIPTION	3	2	
DESCRIPTION_AWARD_NOTICE_INFORMATION	291	6	
DESCRIPTION_AWARD_NOTICE_INFORMATION_SUM	1890	6	
DESCRIPTION_CONCESSION_SUM	16	6	
DESCRIPTION_CONTRACT_AWARD_UTILITIES	24	5	
DESCRIPTION_CONTRACT_AWARD_UTILITIES_SUM	234	6	
DESCRIPTION_CONTRACT_INFORMATION	469	6	
DESCRIPTION_CONTRACT_INFORMATION_SUM	2519	6	
DESCRIPTION_OF_CONTRACT	5	4	
DESCRIPTION_SUM	5263	6	
DESIGN_CONTEST	4	3	CATEGORY FORM LG VERSION
DESIGN_CONTEST_SUM	31	6	CATEGORY FORM LG VERSION
DETAILS_PAYMENTS_PARTICIPANTS	2	2	
DISPATCH_INVITATIONS_DATE	210	6	
DIV_INTO_LOT_NO	394	6	
DOCUMENT_COST	10	5	CURRENCY
DOCUMENT_METHOD_OF_PAYMENT	11	5	
DURATION_FRAMEWORK_MONTH	19	6	
DURATION_FRAMEWORK_YEAR	104	6	
DURATION_FROM	5	4	
DURATION_INDEFINITE	21	5	
DURATION_QUALIFICATION_SYSTEM	26	6	
DURATION_UNTIL	5	4	
EAF_CAPACITY_INFORMATION	362	6	
EAF_CAPACITY_MIN_LEVEL	99	6	
ECONOMIC_OPERATORS_PERSONAL_SITUATION	416	6	
ECONOMIC_OPERATOR_NAME_ADDRESS	6084	6	
EEIG	1	1	CATEGORY LG
ELECTRONIC_AUCTION	3	2	
EMPLOYMENT_PROTECTION_WORKING_CONDITIONS	2	2	
EMPLOYMENT_PROTECTION_WORKING_CONDITIONS_VALUE	2	2	
END_DATE	151	6	
ENVIRONMENTAL_PROTECTION_LEGISLATION	2	2	
ENVIRONMENTAL_PROTECTION_LEGISLATION_VALUE	2	2	
ESTABLISHMENT_FRAMEWORK_AGREEMENT	2	2	
ESTIMATED_COST_MAIN_FINANCING	3	3	
EXCLUDING_VAT	4863	6	
EXCLUDING_VAT_PRCT	3	2	
EXECUTION_SERVICE_RESERVED_PARTICULAR_PROFESSION	29	6	
EXISTENCE_AUTHORISED_PERSONS	67	6	
EXISTENCE_OTHER_PARTICULAR_CONDITIONS	122	6	
E_MAIL	14794	6	
F01_DIVISION_INTO_LOTS	30	6	
F01_DIV_INTO_LOT_YES	8	6	
F02_ANNEX_B	385	6	
F02_CONDITIONS_FOR_PARTICIPATION	452	6	
F02_DIVISION_INTO_LOTS	435	6	
F02_DIV_INTO_LOT_YES	90	6	VALUE
F02_ECONOMIC_FINANCIAL_CAPACITY	376	6	
F02_FRAMEWORK	114	6	
F02_PT_ACCELERATED_NEGOTIATED	3	2	
F03_IS_ELECTRONIC_AUCTION_USABLE	149	6	VALUE
F03_PT_NEGOTIATED_WITHOUT_COMPETITION	2	2	
F04_DIVISION_INTO_LOTS	4	4	
F04_DIV_INTO_LOT_YES	1	1	
F04_FRAMEWORK	3	3	
F04_TYPE_PROCEDURE	4	4	TYPE
F05_ANNEX_B	27	5	
F05_AWARD_CRITERIA_CONTRACT_UTILITIES_INFORMATION	43	6	
F05_CONDITIONS_FOR_PARTICIPATION	43	6	
F05_DIVISION_INTO_LOTS	34	6	
F05_DIV_INTO_LOT_YES	10	5	VALUE
F05_ECONOMIC_FINANCIAL_CAPACITY	35	6	
F05_FRAMEWORK	13	6	
F06_AWARD_CRITERIA_CONTRACT_UTILITIES_INFORMATION	24	5	
F06_NOTICE_INVOLVES	6	3	VALUE
F07_CONTRACT_TYPE	3	2	VALUE
F09_TYPE_PROCEDURE_OPEN	1	1	
FAX	11413	6	
FD_BUYER_PROFILE_SUM	2	2	
FD_CONCESSION_SUM	16	6	
FD_CONTRACT	469	6	CTYPE
FD_CONTRACT_AWARD	291	6	CTYPE
FD_CONTRACT_AWARD_SUM	1890	6	CTYPE
FD_CONTRACT_AWARD_UTILITIES	24	5	
FD_CONTRACT_AWARD_UTILITIES_SUM	234	6	
FD_CONTRACT_SUM	2519	6	CTYPE
FD_CONTRACT_UTILITIES	43	6	CTYPE
FD_CONTRACT_UTILITIES_SUM	280	6	CTYPE
FD_DESIGN_CONTEST	4	3	
FD_DESIGN_CONTEST_SUM	31	6	
FD_EEIG	1	1	
FD_OTH_NOT	774	6	
FD_PERIODIC_INDICATIVE_UTILITIES	5	4	CTYPE
FD_PERIODIC_INDICATIVE_UTILITIES_SUM	27	6	CTYPE
FD_PRIOR_INFORMATION	29	6	CTYPE
FD_PRIOR_INFORMATION_SUM	217	6	CTYPE
FD_QUALIFICATION_SYSTEM_UTILITIES	3	2	
FD_QUALIFICATION_SYSTEM_UTILITIES_SUM	23	5	
FD_RESULT_DESIGN_CONTEST_SUM	23	6	
FD_SIMPLIFIED_CONTRACT	1	1	
FD_SIMPLIFIED_CONTRACT_SUM	1	1	
FILE_REFERENCE_NUMBER	486	6	
FINANCIAL_CAPACITY	3	3	
FOLLOW_UP_CONTRACTS	4	3	
FOR	384	6	
FOR_READ	384	6	
FRAMEWORK_AGREEMENT	5	2	VALUE
FREQUENCY_AWARDED_CONTRACTS	5	3	
FT	695	6	TYPE
FURTHER_INFORMATION	3556	6	
GROUP_NAME	1	1	
GR_SEQ	575	6	
HIGH_VALUE	292	6	
IDEM	6549	6	
INCLUDING_VAT	2410	6	
INFORMATION_REGULATORY_FRAMEWORK	5	2	
INFORMATION_VALUE_CONTRACT	314	6	
INFO_ON_DEADLINE	1	1	
INITIAL_ESTIMATED_TOTAL_VALUE_CONTRACT	2207	6	CURRENCY
INTERNAL_OJS	6907	6	HEADING
INTERNET_ADDRESSES_BUYER_PROFILE	2	2	
INTERNET_ADDRESSES_CONCESSION	12	6	
INTERNET_ADDRESSES_CONTRACT	2298	6	
INTERNET_ADDRESSES_CONTRACT_AWARD	1530	6	
INTERNET_ADDRESSES_CONTRACT_AWARD_UTILITIES	191	6	
INTERNET_ADDRESSES_CONTRACT_UTILITIES	224	6	
INTERNET_ADDRESSES_DESIGN_CONTEST	30	5	
INTERNET_ADDRESSES_PERIODIC_INDICATIVE_UTILITIES	26	6	
INTERNET_ADDRESSES_PRIOR_INFORMATION	179	6	
INTERNET_ADDRESSES_QUALIFICATION_SYSTEM_UTILITIES	23	6	
INTERNET_ADDRESSES_RESULT_DESIGN_CONTEST	13	5	
INTERNET_ADDRESSES_SIMPLIFIED_CONTRACT	2	2	
INTERVAL_DATE	185	6	
INTRODUCTION_PERIODIC_INDICATIVE	5	4	
INTRODUCTION_PERIODIC_INDICATIVE_SUM	27	6	
INT_FOR	384	6	
INT_OBJ_NOT	649	6	
INT_READ	384	6	
ISO_COUNTRY	6907	6	
IS_CANDIDATE_SELECTED	57	6	VALUE
IS_ELECTRONIC_AUCTION_USABLE	465	6	
JUSTIFICATION	8	4	
LABEL	30	6	
LANGUAGE	3310	6	
LANGUAGE_EC	3335	6	VALUE
LANGUAGE_OTHER	172	6	
LEFTI_CONTRACT	469	6	
LEFTI_CONTRACT_NOTICE_UTILITIES	43	6	
LEFTI_DESIGN_CONTEST	4	3	
LEFTI_PRIOR_INFORMATION	29	6	
LEFTI_QUALIFICATION_SYSTEM	3	2	
LEGAL_FORM	275	6	
LEGAL_FORM_CONTRACT	4	4	
LG_OJ	6907	6	
LG_ORIG	6907	6	
LOCATION	699	6	
LOCATION_NUTS	770	6	
LODGING_APPEALS	2	2	
LODGING_INFORMATION_FOR_SERVICE	137	6	
LODGING_OF_APPEALS	199	6	
LODGING_OF_APPEALS_PRECISION	199	6	
LOGIN	6907	6	CLASS
LOTS	436	6	ITEM
LOT_DESCRIPTION	393	6	
LOT_NUMBER	432	6	
LOT_PRIOR_INFORMATION	22	3	
LOT_TITLE	427	6	
LOWEST_PRICE	82	6	
LOW_VALUE	292	6	
MAIN_ACTIVITIES	6009	6	
MAIN_FINANCIAL_CONDITIONS	2	2	
MAIN_FINANCING_CONDITIONS	260	6	
MARKET	6907	6	
MARKET_ORG	6907	6	
MARK_LIST	448	6	SEP
MAXIMUM_NUMBER_INVITED	297	6	
MAX_NUMBER_PARTICIPANTS	47	6	
MAX_PARTICIPANTS_NUMBER	2	2	
MEDIATION_PROCEDURE_BODY_RESPONSIBLE	110	6	
MEMBERS_NAME	7	3	
MEMBERS_NAMES	4	3	
MEMBER_STATE	1	1	
METHODS_CONDITIONS	3	2	
MINIMUM_TIME_MAINTAINING_TENDER	160	6	
MIN_PARTICIPANTS_NUMBER	2	2	
MIXED	380	6	
MLI_OCCUR	2948	6	NO_SEQ
MONTH	7969	6	
MONTHS	377	6	
MORE_INFORMATION_IF_ANNUAL_MONTHLY	1948	6	
MORE_INFORMATION_TO_SUB_CONTRACTED	508	6	
MOST_ECONOMICALLY_ADVANTAGEOUS_TENDER	495	6	
MOST_ECONOMICALLY_ADVANTAGEOUS_TENDER_SHORT	223	6	
NAME	31	3	
NAME_ADDRESSES_CONTACT_BUYER_PROFILE	2	2	
NAME_ADDRESSES_CONTACT_CONCESSION	16	6	
NAME_ADDRESSES_CONTACT_CONTRACT	2988	6	
NAME_ADDRESSES_CONTACT_CONTRACT_AWARD	2181	6	
NAME_ADDRESSES_CONTACT_CONTRACT_AWARD_UTILITIES	258	6	
NAME_ADDRESSES_CONTACT_CONTRACT_UTILITIES	323	6	
NAME_ADDRESSES_CONTACT_DESIGN_CONTEST	35	6	
NAME_ADDRESSES_CONTACT_PERIODIC_INDICATIVE_UTILITIES	32	6	
NAME_ADDRESSES_CONTACT_PRIOR_INFORMATION	246	6	
NAME_ADDRESSES_CONTACT_QUALIFICATION_SYSTEM_UTILITIES	26	6	
NAME_ADDRESSES_CONTACT_RESULT_DESIGN_CONTEST	23	6	
NAME_ADDRESSES_CONTACT_SIMPLIFIED_CONTRACT	2	2	
NAME_ADDRESS_WINNER	46	6	
NATURE_QUANTITY_SCOPE	654	6	
NAT_NOTICE	6907	6	
NBR_REGISTRATION	1	1	
NEW	458	6	QUOTE
NOTICE_CALL_COMPETITION	6	5	
NOTICE_CALL_COMPETITION_QUALIFICATION_SYSTEM	3	2	VALUE
NOTICE_COVERED	5	3	VALUE
NOTICE_DISPATCH_DATE	869	6	
NOTICE_INVOLVES	467	6	VALUE
NOTICE_INVOLVES_DESC	66	6	VALUE
NOTICE_INVOLVES_PERIODIC_INDICATIVE	3	3	
NOTICE_NUMBER_OJ	289	6	
NOTICE_TIME_LIMITS_RECEIPT_TENDERS	14	3	
NO_ADDITIONAL_WORKS	2	2	
NO_CONTRACT_LIKELY_SUB_CONTRACTED	508	6	
NO_DOC_EXT	6907	6	
NO_DOC_OJS	9602	6	
NO_ELECTRONIC_AUCTION	36	6	
NO_EXEC_SERVICE_RESERVED_PARTICULAR_PROFESSION	189	6	
NO_EXISTENCE_AUTHORISED_PERSONS	56	6	
NO_EXISTENCE_OTHER_PARTICULAR_CONDITIONS	324	6	
NO_EXTREME_URGENCY_EVENTS_UNFORESEEABLE	2	2	
NO_MANUFACTURED_BY_DIRECTIVE	2	2	
NO_MARK	2958	6	
NO_NOTICE_CALL_COMPETITION	26	6	
NO_NOTICE_TIME_LIMITS_RECEIPT_TENDERS	17	6	
NO_OJ	6907	6	
NO_ONLY_IRREGULAR_INACCEPTABLE_TENDERERS	2	2	
NO_OPTIONS	233	6	
NO_OTHER_PREVIOUS_PUBLICATION	186	6	
NO_PARTICULAR_CONDITIONS	2	2	
NO_PAYABLE_DOCUMENTS	280	6	
NO_PREVIOUS_PUBLICATION_EXISTS_F2	227	6	
NO_PREVIOUS_PUBLICATION_EXISTS_F3	33	5	
NO_PREVIOUS_PUBLICATION_EXISTS_F5	25	6	
NO_PREVIOUS_PUBLICATION_EXISTS_F6	11	4	
NO_PRIZE_AWARDED	1	1	
NO_RECURRENT_PROCUREMENT	224	6	
NO_RENEWAL_QUALIFICATION_SYSTEM	1	1	
NO_RESERVED_CONTRACTS	316	6	
NO_SERVICE_CONTRACT_AWARDED_SUCCESSFUL_CANDIDATE	1	1	
NO_SUPPLIES_QUOTED_PURCHASED_COMMODITY_MARKET	1	1	
NO_USE_ELECTRONIC_AUCTION	452	6	
NO_WORKS_REPETITION_EXISTING_WORKS	2	2	
NUMBER_MONTHS	38	6	
NUMBER_OF_MONTHS	909	6	
NUMBER_OF_OFFERS_RECEIVED	20	5	
NUMBER_OF_YEARS	830	6	
NUMBER_PARTICIPANTS	9	4	
NUMBER_POSSIBLE_RENEWALS	17	4	
NUMBER_POSSIBLE_RENEWALS_RANGE	3	2	
NUMBER_POSSIBLE_RENEWALS_RANGE_MAX	3	2	
NUMBER_POSSIBLE_RENEWALS_RANGE_MIN	3	2	
NUMBER_VALUE_PRIZE	1	1	
NUMBER_YEARS	34	4	
NUTS	574	6	CODE
OBJECT_CONCESSION_SUM	16	6	
OBJECT_CONTRACT_AWARD_UTILITIES	24	5	
OBJECT_CONTRACT_AWARD_UTILITIES_SUM	234	6	
OBJECT_CONTRACT_INFORMATION	469	6	
OBJECT_CONTRACT_INFORMATION_CONTRACT_AWARD_NOTICE	291	6	
OBJECT_CONTRACT_INFORMATION_CONTRACT_AWARD_NOTICE_SUM	1890	6	
OBJECT_CONTRACT_INFORMATION_CONTRACT_UTILITIES	43	6	
OBJECT_CONTRACT_INFORMATION_CONTRACT_UTILITIES_SUM	280	6	
OBJECT_CONTRACT_INFORMATION_SUM	2519	6	
OBJECT_CONTRACT_PERIODIC_INDICATIVE	5	4	
OBJECT_CONTRACT_PERIODIC_INDICATIVE_SUM	27	6	
OBJECT_DESIGN_CONTEST	4	3	
OBJECT_DESIGN_CONTEST_SUM	31	6	
OBJECT_NOTICE_BUYER_PROFILE_SUM	2	2	
OBJECT_QUALIFICATION_SYSTEM	3	2	
OBJECT_QUALIFICATION_SYSTEM_SUM	23	5	
OBJECT_RESULT_DESIGN_CONTEST_SUM	23	6	
OBJECT_SIMPLIFIED_CONTRACT_NOTICE	1	1	
OBJECT_SIMPLIFIED_CONTRACT_NOTICE_SUM	1	1	
OBJECT_SUPPLIES_SERVICES_PRIOR_INFORMATION	23	6	
OBJECT_SUPPLY_SERVICE_PRIOR_INFORMATION	25	6	ITEM
OBJECT_SUPPLY_SERVICE_PRIOR_INFORMATION_SUM	159	6	
OBJECT_WORKS_PRIOR_INFORMATION	6	3	
OBJECT_WORKS_PRIOR_INFORMATION_SUM	58	6	
OBJ_NOT	649	6	
OFFERS_RECEIVED_NUMBER	682	6	
OLD	452	6	QUOTE
OPE_ENVISAGED_NUMBER	64	6	
OPE_MAXIMUM_NUMBER	118	6	
OPE_MINIMUM_NUMBER	150	6	
OPE_OBJECTIVE_CRITERIA	112	6	
OPTIONS	131	6	
OPTION_DESCRIPTION	130	6	
ORDER	31	3	
ORDER_C	1222	6	
ORGANISATION	21334	6	
ORIGINAL_CPV	14668	6	
ORIGINAL_NUTS	4059	6	
OTHER_PREVIOUS_PUBLICATION	14	5	
OTHER_PREVIOUS_PUBLICATIONS	10	5	
OTH_INFO_PRIOR_INFORMATION	29	6	
OTH_NOT	774	6	CATEGORY LG
P	50834	6	
PARTICIPANTS_NAME	24	3	
PARTICIPANTS_NAMES	4	3	
PARTICIPANTS_NUMBER	2	2	
PARTICIPATION_RESERVED_PROFESSION	2	2	
PARTICULAR_CONDITIONS	2	2	
PAYABLE_DOCUMENTS	11	5	
PERIODIC_INDICATIVE_UTILITIES	5	4	CATEGORY FORM LG VERSION
PERIODIC_INDICATIVE_UTILITIES_SUM	27	6	CATEGORY FORM LG VERSION
PERIOD_DAY	38	6	
PERIOD_MONTH	77	6	
PERIOD_WORK_DATE_STARTING	566	6	
PERSONAL_SITUATION	4	4	
PHONE	12684	6	
PLACE	1	1	
PLACE_OPENING	104	6	
PLACE_REGISTRATION	1	1	
POSTAL_CODE	17088	6	
PREVIOUS_NOTICE_BUYER_PROFILE_F3	17	6	CHOICE
PREVIOUS_NOTICE_BUYER_PROFILE_F5	6	4	CHOICE
PREVIOUS_NOTICE_BUYER_PROFILE_F6	13	5	CHOICE
PREVIOUS_PUBLICATION_EXISTS_F2	48	6	
PREVIOUS_PUBLICATION_EXISTS_F3	243	6	
PREVIOUS_PUBLICATION_EXISTS_F5	6	4	
PREVIOUS_PUBLICATION_EXISTS_F6	13	5	
PREVIOUS_PUBLICATION_INFORMATION_NOTICE_F2	275	6	
PREVIOUS_PUBLICATION_INFORMATION_NOTICE_F3	276	6	
PREVIOUS_PUBLICATION_INFORMATION_NOTICE_F5	31	6	
PREVIOUS_PUBLICATION_INFORMATION_NOTICE_F6	24	5	
PREVIOUS_PUBLICATION_NOTICE_F2	45	6	
PREVIOUS_PUBLICATION_NOTICE_F3	26	6	
PREVIOUS_PUBLICATION_NOTICE_F5	6	4	
PREVIOUS_PUBLICATION_NOTICE_F6	13	5	
PRICE_AWARD_CRITERIA	24	5	PRICE
PRICE_PAID	2	1	CURRENCY
PRIOR_INFORMATION	29	6	CATEGORY FORM LG VERSION
PRIOR_INFORMATION_NOTICE_F2	45	6	CHOICE
PRIOR_INFORMATION_SUM	217	6	CATEGORY FORM LG VERSION
PRIZE_AWARDED	1	1	
PRIZE_VALUE	36	5	CURRENCY
PROC	6907	6	
PROCEDURES_APPEAL	3	3	
PROCEDURES_CONCESSION_SUM	16	6	
PROCEDURES_CONTRACT_AWARD_UTILITIES	24	5	
PROCEDURES_DESIGN_CONTEST	4	3	
PROCEDURES_DESIGN_CONTEST_SUM	31	6	
PROCEDURES_FOR_APPEAL	356	6	
PROCEDURES_QUALIFICATION_SYSTEM	3	2	
PROCEDURES_QUALIFICATION_SYSTEM_SUM	23	5	
PROCEDURES_SIMPLIFIED_CONTRACT_NOTICE	1	1	
PROCEDURES_SIMPLIFIED_CONTRACT_NOTICE_SUM	1	1	
PROCEDURE_ADMINISTRATIVE_INFORMATION_PERIODIC	4	4	
PROCEDURE_DATE_STARTING	123	6	
PROCEDURE_DEFINITION_CONTRACT_AWARD_NOTICE	291	6	
PROCEDURE_DEFINITION_CONTRACT_NOTICE	469	6	
PROCEDURE_DEFINITION_CONTRACT_NOTICE_SUM	2519	6	
PROCEDURE_DEFINITION_CONTRACT_NOTICE_UTILITIES	43	6	
PROCEDURE_DEFINITION_CONTRACT_NOTICE_UTILITIES_SUM	280	6	
PROVISIONAL_TIMETABLE_MONTH	20	5	
PTAN_JUSTIFICATION	3	2	
PTAR_JUSTIFICATION	9	3	
PT_ACCELERATED_NEGOTIATED	2	2	
PT_ACCELERATED_RESTRICTED	3	3	
PT_ACCELERATED_RESTRICTED_CHOICE	9	3	
PT_COMPETITIVE_DIALOGUE	11	5	
PT_NEGOTIATED_CHOICE	21	6	
PT_NEGOTIATED_WITH_COMPETITION	39	6	
PT_OPEN	308	6	
PT_RESTRICTED	386	6	
PUBLICATIONS	1	1	
PUBLIC_CONTRACT	1	1	
PUBLISHER	1	1	
PURCHASING_ON_BEHALF	484	6	VALUE
QUALIFICATION_FOR_SYSTEM	3	2	
QUALIFICATION_SYSTEM_UTILITIES	3	2	CATEGORY FORM LG VERSION
QUALIFICATION_SYSTEM_UTILITIES_SUM	23	5	CATEGORY FORM LG VERSION
QUANTITY_SCOPE	436	6	
QUANTITY_SCOPE_PRIOR_INFORMATION	25	6	
QUANTITY_SCOPE_WORKS	6	3	
RANGE_PARTICIPANTS	2	2	
RANGE_VALUE_COST	292	6	
READ	384	6	
REASONS_PROVIDED_PARTICULAR_TENDERER	2	2	
REASONS_PROVIDED_PARTICULAR_TENDERER_TECHNICAL	2	2	
RECEIPT_LIMIT_DATE	3311	6	
RECURRENT_PROCUREMENT	59	6	
REDUCTION_OF_THE_NUMBER	63	6	VALUE
REFERENCE_NUMBER_ATTRIBUTED	25	6	
REF_NOTICE	2695	6	
REF_OJS	6907	6	
RELATES_TO_EU_PROJECT_NO	489	6	
RELATES_TO_EU_PROJECT_YES	19	6	
RENEWAL_QUALIFICATION_SYSTEM	2	1	
REQUESTS_NAMES_PROFESSIONAL_QUALIFICATIONS	202	6	VALUE
RESPONSIBLE_FOR_APPEAL_PROCEDURES	14	4	
RESPONSIBLE_FOR_MEDIATION_PROCEDURES	12	4	
RESTRICTED_CONTEST	4	3	
RESULTS_CONTEST_RESULT_DESIGN_CONTEST_SUM	23	6	
RESULT_CONTEST_SUM	53	6	ITEM
RESULT_DESIGN_CONTEST_SUM	23	6	CATEGORY FORM LG VERSION
REWARDS_JURY	4	3	
SCHEDULED_DATE_PERIOD	94	6	
SECTOR	6907	6	
SENDER	6907	6	
SERVICES	21	6	CATEGORY
SERVICES_CONTRACTS_SPECIFIC_CONDITIONS	280	6	
SERVICE_CATEGORY	259	6	VALUE
SERVICE_CATEGORY_PUB	148	6	VALUE
SERVICE_FROM_INFORMATION	12	4	
SERVICE_INFORMATION_LODGING_APPEALS	3	3	
SEVERAL_OPERATORS	64	6	
SHORT_CONTRACT_DESCRIPTION	803	6	
SHORT_DESCRIPTION	24	5	
SHORT_DESCRIPTION_CONTRACT	5	3	
SIMPLIFIED_CONTRACT	1	1	CATEGORY FORM LG VERSION
SIMPLIFIED_CONTRACT_SUM	1	1	CATEGORY FORM LG VERSION
SINGLE_OPERATOR	42	6	
SITE_OR_LOCATION	30	6	
SPECIFICATIONS_AND_ADDITIONAL_DOCUMENTS	3207	6	
START_DATE	174	6	
STI_DOC	1579	6	
SUPPLIES	4	2	
TAX_LEGISLATION	3	2	
TAX_LEGISLATION_VALUE	3	2	
TECHNICAL_CAPACITY	40	6	
TECHNICAL_CAPACITY_LEFTI	359	6	
TECHNICAL_INFO	6907	6	
TENDERS_REQUESTS_APPLICATIONS_MUST_BE_SENT_TO	3241	6	
TIME	4456	6	
TIME_FRAME_SUBSEQUENT_CONTRACTS_MONTH	15	5	
TIME_LIMIT	1854	6	
TIME_LIMIT_CHP	53	6	
TITLE_CONTRACT	880	6	
TITLE_DESIGN_CONTACT_NOTICE	4	3	
TITLE_QUALIFICATION_SYSTEM	3	2	
TI_DOC	7681	6	
TI_GRSEQ	554	6	
TI_MARK	2957	6	KEY
TI_PUBLICATION	1	1	
TOTAL_ESTIMATED	106	6	
TOTAL_FINAL_VALUE	1615	6	
TOTAL_QUANTITY_OR_SCOPE	571	6	
TOWN	17799	6	
TXT_MARK	2616	6	
TYPE_AND_ACTIVITIES	776	6	
TYPE_AND_ACTIVITIES_AND_PURCHASING_ON_BEHALF	774	6	
TYPE_BID	6907	6	
TYPE_CONTRACT	832	6	VALUE
TYPE_CONTRACT_LOCATION	516	6	
TYPE_CONTRACT_LOCATION_WORKS	5	4	CONTRACT_TYPE SERVICES_CATEGORY
TYPE_CONTRACT_LOCATION_W_PUB	315	6	
TYPE_CONTRACT_PLACE_DELIVERY	25	6	
TYPE_OF_ACTIVITY	715	6	VALUE
TYPE_OF_ACTIVITY_OTHER	126	6	VALUE
TYPE_OF_CONTRACTING_AUTHORITY	693	6	VALUE
TYPE_OF_CONTRACTING_AUTHORITY_OTHER	65	6	VALUE
TYPE_OF_PROCEDURE	469	6	
TYPE_OF_PROCEDURE_DEF	291	6	
TYPE_OF_PROCEDURE_DETAIL	43	6	VALUE
TYPE_OF_PROCEDURE_DETAIL_FOR_CONTRACT_NOTICE	469	6	
TYPE_OF_PROCEDURE_FOR_CONTRACT	43	6	
TYPE_PROCEDURE_AWARD	24	5	
TYPE_SUPPLIES_CONTRACT	307	6	VALUE
TYPE_WORK_CONTRACT	88	6	VALUE
T_CAPACITY_INFORMATION	350	6	
T_CAPACITY_MIN_LEVEL	89	6	
UNKNOWN_VALUE	2	1	
UNTIL_DATE	45	6	
URL	3612	6	
URL_BUYER	967	6	
URL_GENERAL	3851	6	
USER	5556	6	
USE_ELECTRONIC_AUCTION	12	6	
VALUE_COST	7977	6	
VAT_PRCT	2410	6	
WEIGHTING	1064	6	
YEAR	7969	6	
